Season,League,Official Borda,Borda-Top1,Borda-Top3,Borda-Top5,Borda-Top10,Dowdall
2012,AL,"Cabrera, Trout, Beltre, Cano, Hamilton","Cabrera, Trout, Cano, Verlander, Beltre","Cabrera, Trout, Beltre, Cano, Jeter","Cabrera, Trout, Beltre, Cano, Jones","Cabrera, Trout, Beltre, Cano, Hamilton","Cabrera, Trout, Beltre, Cano, Hamilton"
2012,NL,"Posey, Braun, McCutchen, Molina, Headley","Posey, Braun, Molina, McCutchen, LaRoche","Posey, Braun, Molina, McCutchen, Kimbrel","Posey, Braun, McCutchen, Molina, Headley","Posey, Braun, McCutchen, Molina, Headley","Posey, Braun, Molina, McCutchen, Headley"
2013,AL,"Cabrera, Trout, DavisC, Donaldson, Cano","Cabrera, Trout, Donaldson, DavisC, Cano","Cabrera, Trout, DavisC, Donaldson, Cano","Cabrera, Trout, DavisC, Donaldson, Cano","Cabrera, Trout, DavisC, Donaldson, Cano","Cabrera, Trout, DavisC, Donaldson, Cano"
2013,NL,"McCutchen, Goldschmidt, Molina, Carpenter, Freeman","McCutchen, Molina, Carpenter, Ramirez, Goldschmidt","McCutchen, Goldschmidt, Molina, Carpenter, Kershaw","McCutchen, Goldschmidt, Molina, Carpenter, Kershaw","McCutchen, Goldschmidt, Molina, Carpenter, Freeman","McCutchen, Goldschmidt, Molina, Carpenter, Kershaw"
2014,AL,"Trout, Martinez, Brantley, Abreu, Cano","Trout, Cano, Martinez, Brantley, Cruz","Trout, Martinez, Brantley, Abreu, Cruz","Trout, Martinez, Brantley, Abreu, Cruz","Trout, Martinez, Brantley, Abreu, Cano","Trout, Martinez, Brantley, Abreu, Cano"
2014,NL,"Kershaw, Stanton, McCutchen, Lucroy, Rendon","Kershaw, Stanton, McCutchen, Lucroy, Rendon","Kershaw, Stanton, McCutchen, Lucroy, Rendon","Kershaw, Stanton, McCutchen, Lucroy, Posey","Kershaw, Stanton, McCutchen, Lucroy, Rendon","Kershaw, Stanton, McCutchen, Lucroy, Rendon"
2015,AL,"Donaldson, Trout, Cain, Machado, Keuchel","Donaldson, Trout, Cain, Machado, Keuchel","Donaldson, Trout, Cain, Machado, Cruz","Donaldson, Trout, Cain, Machado, Keuchel","Donaldson, Trout, Cain, Machado, Keuchel","Donaldson, Trout, Cain, Machado, Cruz"
2015,NL,"Harper, Goldschmidt, Votto, Rizzo, McCutchen","Harper, Rizzo, Greinke, Arrieta, Bryant","Harper, Goldschmidt, Arrieta, Rizzo, Greinke","Harper, Goldschmidt, Votto, Rizzo, Arrieta","Harper, Goldschmidt, Votto, Rizzo, McCutchen","Harper, Goldschmidt, Votto, Rizzo, Arrieta"
2016,AL,"Trout, Betts, Altuve, Donaldson, Machado","Trout, Betts, Beltre, Ortiz, Altuve","Trout, Betts, Altuve, Donaldson, Ortiz","Trout, Betts, Altuve, Donaldson, Beltre","Trout, Betts, Altuve, Donaldson, Machado","Trout, Betts, Altuve, Donaldson, Ortiz"
2016,NL,"Bryant, Murphy, Seager, Rizzo, Arenado","Bryant, Murphy, Rizzo, Seager, Freeman","Bryant, Murphy, Seager, Arenado, Rizzo","Bryant, Murphy, Seager, Rizzo, Arenado","Bryant, Murphy, Seager, Rizzo, Arenado","Bryant, Murphy, Seager, Arenado, Rizzo"
2017,AL,"Altuve, Judge, Ramirez, Trout, Lindor","Altuve, Judge, Ramirez, Trout, Lindor","Altuve, Judge, Ramirez, Trout, Kluber","Altuve, Judge, Ramirez, Trout, Lindor","Altuve, Judge, Ramirez, Trout, Lindor","Altuve, Judge, Ramirez, Trout, Lindor"
2017,NL,"Stanton, Votto, Goldschmidt, Arenado, Blackmon","Stanton, Votto, Goldschmidt, Blackmon, Arenado","Stanton, Votto, Goldschmidt, Blackmon, Arenado","Stanton, Votto, Goldschmidt, Arenado, Blackmon","Stanton, Votto, Goldschmidt, Arenado, Blackmon","Stanton, Votto, Goldschmidt, Arenado, Blackmon"
2018,AL,"Betts, Trout, Ramirez, Martinez, Bregman","Betts, Trout, Martinez, Ramirez, Lindor","Betts, Trout, Martinez, Ramirez, Bregman","Betts, Trout, Ramirez, Martinez, Bregman","Betts, Trout, Ramirez, Martinez, Bregman","Betts, Trout, Martinez, Ramirez, Bregman"
2018,NL,"Yelich, Baez, Arenado, Freeman, DeGrom","Yelich, DeGrom, Baez, Arenado, Freeman","Yelich, Baez, DeGrom, Arenado, Freeman","Yelich, Baez, Arenado, Freeman, DeGrom","Yelich, Baez, Arenado, Freeman, DeGrom","Yelich, Baez, Arenado, DeGrom, Freeman"
2019,AL,"Trout, Bregman, Semien, LeMahieu, Bogaerts","Trout, Bregman, Semien, Bogaerts, LeMahieu","Trout, Bregman, Semien, LeMahieu, Bogaerts","Trout, Bregman, Semien, LeMahieu, Bogaerts","Trout, Bregman, Semien, LeMahieu, Bogaerts","Trout, Bregman, Semien, LeMahieu, Bogaerts"
2019,NL,"Bellinger, Yelich, Rendon, Marte, AcunaJr","Bellinger, Yelich, Rendon, Marte, Freeman","Bellinger, Yelich, Rendon, Marte, Freeman","Bellinger, Yelich, Rendon, Marte, AcunaJr","Bellinger, Yelich, Rendon, Marte, AcunaJr","Bellinger, Yelich, Rendon, Marte, AcunaJr"
2020,AL,"Abreu, Ramirez, LeMahieu, Bieber, Trout","Abreu, Ramirez, LeMahieu, Trout, Bieber","Abreu, Ramirez, LeMahieu, Trout, Bieber","Abreu, Ramirez, LeMahieu, Bieber, Trout","Abreu, Ramirez, LeMahieu, Bieber, Trout","Abreu, Ramirez, LeMahieu, Trout, Bieber"
2020,NL,"Freeman, Betts, Machado, Tatis, Soto","Freeman, Betts, Soto, Ozuna, Tatis","Freeman, Betts, Machado, Tatis, Soto","Freeman, Betts, Machado, Tatis, Soto","Freeman, Betts, Machado, Tatis, Soto","Freeman, Betts, Machado, Tatis, Soto"
2021,AL,"Ohtani, GuerreroJr, Semien, Judge, Correa","Ohtani, GuerreroJr, Judge, Correa, Semien","Ohtani, GuerreroJr, Semien, Perez, Judge","Ohtani, GuerreroJr, Semien, Judge, Correa","Ohtani, GuerreroJr, Semien, Judge, Correa","Ohtani, GuerreroJr, Semien, Judge, Correa"
2021,NL,"Harper, Soto, Tatis, Crawford, Turner","Harper, Soto, Crawford, Tatis, Turner","Harper, Soto, Tatis, Crawford, Turner","Harper, Soto, Tatis, Crawford, Turner","Harper, Soto, Tatis, Crawford, Turner","Harper, Soto, Tatis, Crawford, Turner"
2022,AL,"Judge, Ohtani, Alvarez, Ramirez, Altuve","Judge, Ohtani, Alvarez, Ramirez, Altuve","Judge, Ohtani, Alvarez, Ramirez, Gimenez","Judge, Ohtani, Alvarez, Ramirez, Altuve","Judge, Ohtani, Alvarez, Ramirez, Altuve","Judge, Ohtani, Alvarez, Ramirez, Gimenez"
2022,NL,"Goldschmidt, Machado, Arenado, Freeman, Betts","Goldschmidt, Machado, Arenado, Freeman, Riley","Goldschmidt, Machado, Arenado, Freeman, Alonso","Goldschmidt, Machado, Arenado, Freeman, Betts","Goldschmidt, Machado, Arenado, Freeman, Betts","Goldschmidt, Machado, Arenado, Freeman, Betts"
2023,AL,"Ohtani, Seager, Semien, Rodriguez, Tucker","Ohtani, Seager, Tucker, Semien, Rodriguez","Ohtani, Seager, Semien, Rodriguez, Tucker","Ohtani, Seager, Semien, Rodriguez, Tucker","Ohtani, Seager, Semien, Rodriguez, Tucker","Ohtani, Seager, Semien, Rodriguez, Tucker"
2023,NL,"AcunaJr, Betts, Freeman, Olson, Carroll","AcunaJr, Betts, Olson, Freeman, Carroll","AcunaJr, Betts, Freeman, Olson, Carroll","AcunaJr, Betts, Freeman, Olson, Carroll","AcunaJr, Betts, Freeman, Olson, Carroll","AcunaJr, Betts, Freeman, Olson, Carroll"
